escenario,tanda,primero,algoritmo,ordenamientos,total_ns,ms_por_ordenamiento
mezclado,1,MergeSort,MergeSort,10000,6255800,0.000625580
mezclado,1,MergeSort,Insercion,10000,4626800,0.000462680
mezclado,2,Insercion,MergeSort,10000,6716500,0.000671650
mezclado,2,Insercion,Insercion,10000,4057000,0.000405700
mezclado,3,MergeSort,MergeSort,10000,7304100,0.000730410
mezclado,3,MergeSort,Insercion,10000,6781000,0.000678100
mezclado,4,Insercion,MergeSort,10000,6317200,0.000631720
mezclado,4,Insercion,Insercion,10000,3880300,0.000388030
mezclado,5,MergeSort,MergeSort,10000,6534900,0.000653490
mezclado,5,MergeSort,Insercion,10000,5296200,0.000529620
mezclado,6,Insercion,MergeSort,10000,6301200,0.000630120
mezclado,6,Insercion,Insercion,10000,5831000,0.000583100
mezclado,7,MergeSort,MergeSort,10000,5767200,0.000576720
mezclado,7,MergeSort,Insercion,10000,4827400,0.000482740
mezclado,8,Insercion,MergeSort,10000,8021600,0.000802160
mezclado,8,Insercion,Insercion,10000,4464600,0.000446460
mezclado,9,MergeSort,MergeSort,10000,6881300,0.000688130
mezclado,9,MergeSort,Insercion,10000,4920500,0.000492050
mezclado,10,Insercion,MergeSort,10000,8976500,0.000897650
mezclado,10,Insercion,Insercion,10000,4399900,0.000439990
mezclado,11,MergeSort,MergeSort,10000,6929700,0.000692970
mezclado,11,MergeSort,Insercion,10000,4611400,0.000461140
mezclado,12,Insercion,MergeSort,10000,7187800,0.000718780
mezclado,12,Insercion,Insercion,10000,4783200,0.000478320
mezclado,13,MergeSort,MergeSort,10000,7521900,0.000752190
mezclado,13,MergeSort,Insercion,10000,4741200,0.000474120
mezclado,14,Insercion,MergeSort,10000,6095700,0.000609570
mezclado,14,Insercion,Insercion,10000,3805000,0.000380500
mezclado,15,MergeSort,MergeSort,10000,8381100,0.000838110
mezclado,15,MergeSort,Insercion,10000,4307400,0.000430740
mezclado,16,Insercion,MergeSort,10000,6317600,0.000631760
mezclado,16,Insercion,Insercion,10000,4392600,0.000439260
mezclado,17,MergeSort,MergeSort,10000,6982200,0.000698220
mezclado,17,MergeSort,Insercion,10000,6329100,0.000632910
mezclado,18,Insercion,MergeSort,10000,6182900,0.000618290
mezclado,18,Insercion,Insercion,10000,5422800,0.000542280
mezclado,19,MergeSort,MergeSort,10000,5877100,0.000587710
mezclado,19,MergeSort,Insercion,10000,4195300,0.000419530
mezclado,20,Insercion,MergeSort,10000,6016300,0.000601630
mezclado,20,Insercion,Insercion,10000,3676600,0.000367660
mezclado,21,MergeSort,MergeSort,10000,6345500,0.000634550
mezclado,21,MergeSort,Insercion,10000,3865500,0.000386550
mezclado,22,Insercion,MergeSort,10000,5715600,0.000571560
mezclado,22,Insercion,Insercion,10000,3697700,0.000369770
mezclado,23,MergeSort,MergeSort,10000,5627300,0.000562730
mezclado,23,MergeSort,Insercion,10000,4149300,0.000414930
mezclado,24,Insercion,MergeSort,10000,5930000,0.000593000
mezclado,24,Insercion,Insercion,10000,4029300,0.000402930
mezclado,25,MergeSort,MergeSort,10000,6868500,0.000686850
mezclado,25,MergeSort,Insercion,10000,4891200,0.000489120
mezclado,26,Insercion,MergeSort,10000,5054200,0.000505420
mezclado,26,Insercion,Insercion,10000,4299600,0.000429960
mezclado,27,MergeSort,MergeSort,10000,5506800,0.000550680
mezclado,27,MergeSort,Insercion,10000,5046900,0.000504690
mezclado,28,Insercion,MergeSort,10000,4919000,0.000491900
mezclado,28,Insercion,Insercion,10000,3381400,0.000338140
mezclado,29,MergeSort,MergeSort,10000,5717000,0.000571700
mezclado,29,MergeSort,Insercion,10000,5437300,0.000543730
mezclado,30,Insercion,MergeSort,10000,5373600,0.000537360
mezclado,30,Insercion,Insercion,10000,4920200,0.000492020
ordenado,1,MergeSort,MergeSort,10000,5685700,0.000568570
ordenado,1,MergeSort,Insercion,10000,5312000,0.000531200
ordenado,2,Insercion,MergeSort,10000,5197100,0.000519710
ordenado,2,Insercion,Insercion,10000,4595800,0.000459580
ordenado,3,MergeSort,MergeSort,10000,4725100,0.000472510
ordenado,3,MergeSort,Insercion,10000,4625600,0.000462560
ordenado,4,Insercion,MergeSort,10000,4681000,0.000468100
ordenado,4,Insercion,Insercion,10000,4680000,0.000468000
ordenado,5,MergeSort,MergeSort,10000,5662500,0.000566250
ordenado,5,MergeSort,Insercion,10000,6511400,0.000651140
ordenado,6,Insercion,MergeSort,10000,5471900,0.000547190
ordenado,6,Insercion,Insercion,10000,4767000,0.000476700
ordenado,7,MergeSort,MergeSort,10000,4838500,0.000483850
ordenado,7,MergeSort,Insercion,10000,4858300,0.000485830
ordenado,8,Insercion,MergeSort,10000,4741500,0.000474150
ordenado,8,Insercion,Insercion,10000,5601500,0.000560150
ordenado,9,MergeSort,MergeSort,10000,4832300,0.000483230
ordenado,9,MergeSort,Insercion,10000,4260700,0.000426070
ordenado,10,Insercion,MergeSort,10000,8609200,0.000860920
ordenado,10,Insercion,Insercion,10000,5017900,0.000501790
ordenado,11,MergeSort,MergeSort,10000,4787900,0.000478790
ordenado,11,MergeSort,Insercion,10000,5375600,0.000537560
ordenado,12,Insercion,MergeSort,10000,5117100,0.000511710
ordenado,12,Insercion,Insercion,10000,5078200,0.000507820
ordenado,13,MergeSort,MergeSort,10000,4763100,0.000476310
ordenado,13,MergeSort,Insercion,10000,4696700,0.000469670
ordenado,14,Insercion,MergeSort,10000,5650400,0.000565040
ordenado,14,Insercion,Insercion,10000,5767100,0.000576710
ordenado,15,MergeSort,MergeSort,10000,5122700,0.000512270
ordenado,15,MergeSort,Insercion,10000,5957100,0.000595710
ordenado,16,Insercion,MergeSort,10000,5162000,0.000516200
ordenado,16,Insercion,Insercion,10000,4789100,0.000478910
ordenado,17,MergeSort,MergeSort,10000,4537000,0.000453700
ordenado,17,MergeSort,Insercion,10000,4482000,0.000448200
ordenado,18,Insercion,MergeSort,10000,4503500,0.000450350
ordenado,18,Insercion,Insercion,10000,5437000,0.000543700
ordenado,19,MergeSort,MergeSort,10000,5319400,0.000531940
ordenado,19,MergeSort,Insercion,10000,5935300,0.000593530
ordenado,20,Insercion,MergeSort,10000,4757500,0.000475750
ordenado,20,Insercion,Insercion,10000,4378200,0.000437820
ordenado,21,MergeSort,MergeSort,10000,4707900,0.000470790
ordenado,21,MergeSort,Insercion,10000,4619900,0.000461990
ordenado,22,Insercion,MergeSort,10000,3754200,0.000375420
ordenado,22,Insercion,Insercion,10000,4188200,0.000418820
ordenado,23,MergeSort,MergeSort,10000,4680600,0.000468060
ordenado,23,MergeSort,Insercion,10000,5178200,0.000517820
ordenado,24,Insercion,MergeSort,10000,4822200,0.000482220
ordenado,24,Insercion,Insercion,10000,4680100,0.000468010
ordenado,25,MergeSort,MergeSort,10000,4792900,0.000479290
ordenado,25,MergeSort,Insercion,10000,4561900,0.000456190
ordenado,26,Insercion,MergeSort,10000,4732100,0.000473210
ordenado,26,Insercion,Insercion,10000,5730400,0.000573040
ordenado,27,MergeSort,MergeSort,10000,4648000,0.000464800
ordenado,27,MergeSort,Insercion,10000,5682000,0.000568200
ordenado,28,Insercion,MergeSort,10000,6444400,0.000644440
ordenado,28,Insercion,Insercion,10000,4150500,0.000415050
ordenado,29,MergeSort,MergeSort,10000,4514500,0.000451450
ordenado,29,MergeSort,Insercion,10000,4133100,0.000413310
ordenado,30,Insercion,MergeSort,10000,4519000,0.000451900
ordenado,30,Insercion,Insercion,10000,5227900,0.000522790
invertido,1,MergeSort,MergeSort,10000,5546200,0.000554620
invertido,1,MergeSort,Insercion,10000,3189300,0.000318930
invertido,2,Insercion,MergeSort,10000,7012600,0.000701260
invertido,2,Insercion,Insercion,10000,4890700,0.000489070
invertido,3,MergeSort,MergeSort,10000,8058000,0.000805800
invertido,3,MergeSort,Insercion,10000,5135000,0.000513500
invertido,4,Insercion,MergeSort,10000,5156500,0.000515650
invertido,4,Insercion,Insercion,10000,3248000,0.000324800
invertido,5,MergeSort,MergeSort,10000,8004500,0.000800450
invertido,5,MergeSort,Insercion,10000,2544700,0.000254470
invertido,6,Insercion,MergeSort,10000,5112600,0.000511260
invertido,6,Insercion,Insercion,10000,2530100,0.000253010
invertido,7,MergeSort,MergeSort,10000,4917600,0.000491760
invertido,7,MergeSort,Insercion,10000,2792300,0.000279230
invertido,8,Insercion,MergeSort,10000,5093800,0.000509380
invertido,8,Insercion,Insercion,10000,2916600,0.000291660
invertido,9,MergeSort,MergeSort,10000,4478300,0.000447830
invertido,9,MergeSort,Insercion,10000,2594200,0.000259420
invertido,10,Insercion,MergeSort,10000,5411600,0.000541160
invertido,10,Insercion,Insercion,10000,2243700,0.000224370
invertido,11,MergeSort,MergeSort,10000,4474100,0.000447410
invertido,11,MergeSort,Insercion,10000,2537800,0.000253780
invertido,12,Insercion,MergeSort,10000,4511100,0.000451110
invertido,12,Insercion,Insercion,10000,2457400,0.000245740
invertido,13,MergeSort,MergeSort,10000,4707700,0.000470770
invertido,13,MergeSort,Insercion,10000,2457000,0.000245700
invertido,14,Insercion,MergeSort,10000,5414000,0.000541400
invertido,14,Insercion,Insercion,10000,2900500,0.000290050
invertido,15,MergeSort,MergeSort,10000,4298000,0.000429800
invertido,15,MergeSort,Insercion,10000,2554200,0.000255420
invertido,16,Insercion,MergeSort,10000,6390200,0.000639020
invertido,16,Insercion,Insercion,10000,2656600,0.000265660
invertido,17,MergeSort,MergeSort,10000,6459600,0.000645960
invertido,17,MergeSort,Insercion,10000,4339900,0.000433990
invertido,18,Insercion,MergeSort,10000,4488300,0.000448830
invertido,18,Insercion,Insercion,10000,2139000,0.000213900
invertido,19,MergeSort,MergeSort,10000,4471000,0.000447100
invertido,19,MergeSort,Insercion,10000,2504600,0.000250460
invertido,20,Insercion,MergeSort,10000,5865500,0.000586550
invertido,20,Insercion,Insercion,10000,3423100,0.000342310
invertido,21,MergeSort,MergeSort,10000,5360500,0.000536050
invertido,21,MergeSort,Insercion,10000,3226200,0.000322620
invertido,22,Insercion,MergeSort,10000,7865100,0.000786510
invertido,22,Insercion,Insercion,10000,3781400,0.000378140
invertido,23,MergeSort,MergeSort,10000,5669900,0.000566990
invertido,23,MergeSort,Insercion,10000,2858700,0.000285870
invertido,24,Insercion,MergeSort,10000,6296900,0.000629690
invertido,24,Insercion,Insercion,10000,3511500,0.000351150
invertido,25,MergeSort,MergeSort,10000,8913600,0.000891360
invertido,25,MergeSort,Insercion,10000,4460400,0.000446040
invertido,26,Insercion,MergeSort,10000,6558800,0.000655880
invertido,26,Insercion,Insercion,10000,2326800,0.000232680
invertido,27,MergeSort,MergeSort,10000,5253900,0.000525390
invertido,27,MergeSort,Insercion,10000,2588800,0.000258880
invertido,28,Insercion,MergeSort,10000,6504200,0.000650420
invertido,28,Insercion,Insercion,10000,3236100,0.000323610
invertido,29,MergeSort,MergeSort,10000,4773900,0.000477390
invertido,29,MergeSort,Insercion,10000,2565400,0.000256540
invertido,30,Insercion,MergeSort,10000,5982600,0.000598260
invertido,30,Insercion,Insercion,10000,2184200,0.000218420
